"zips","lon","lat"
"10701",-73.8713099,40.9413523
"12065",-73.77132,42.837849
"12159",-73.8771901,42.6340869
"12180",-73.5829689,42.734263
"12901",-73.4416721,44.7478666
"13029",-76.1667807,43.2252766
"13031",-76.3058328,43.0328479
"13088",-76.1841701,43.1085295
"13210",-76.1261969,43.0347064
"13441",-75.4053367,43.219179
"13456",-75.2595731,42.9959082
"13601",-75.9230976,43.9959887
"13669",-75.5041352,44.6550526
"14618",-77.55621,43.1156031
"1501",-76.6665251,38.1280015
"15205",-80.0870155,40.4417703
"15301",-80.254435,40.1627412
"1545",-81.8705397,36.0621754
"1550",-88.3756455,36.5831643
"1585",-87.7038181,36.8349426
"1760",-82.7011427,38.0046946
"18224",-75.8650148,40.9762996
"1830",-84.8046978,38.6088877
"1844",-86.3139839,38.0368997
"18636",-76.1088001,41.4108386
"18655",-76.2015572,41.1857878
"18704",-75.9056753,41.2726012
"19933",-75.5975296,38.7352162
"19940",-75.5626039,38.4738588
"19947",-75.4111644,38.6706584
"19956",-75.5509602,38.5650227
"19973",-75.6440842,38.617809
"20147",-77.4816693,39.047958
"20152",-77.5275463,38.9091011
"20164",-77.3956004,39.0129178
"20175",-77.5848665,39.0488574
"20176",-77.5390127,39.2079214
"20191",-77.3439283,38.9302229
"2045",-84.5137134,38.9445773
"2062",-82.1150137,37.5095777
"20832",-77.067959,39.1457139
"20850",-77.1527813,39.0839994
"20876",-77.2290193,39.2046386
"20877",-77.1887747,39.1438746
"20895",-77.0737149,39.0182897
"21015",-76.3058328,39.566838
"21061",-76.6239423,39.1511679
"21204",-76.6354952,39.407567
"2135",-97.3421133,32.3142758
"21632",-75.7836589,38.7173336
"21643",-75.8301537,38.6408767
"2169",-82.0928134,33.348093
"2171",-87.5018104,37.2828461
"22025",-77.3381855,38.5947311
"22033",-77.3898602,38.8735614
"22180",-77.2577571,38.8950354
"22192",-77.3209555,38.6805859
"22405",-77.4013403,38.3273109
"22406",-77.5390127,38.3836812
"22407",-77.5848665,38.3056063
"22801",-78.8722341,38.4049904
"22960",-78.0423683,38.2289357
"2301",-84.6341323,37.0153787
"23606",-76.514138,37.0672839
"23666",-76.3984537,37.0538822
"23834",-77.3898602,37.2913946
"23901",-78.4069732,37.3438517
"23922",-78.2248291,37.1990366
"23947",-78.4524591,37.0100374
"23974",-78.2248291,36.9874577
"24121",-79.6277523,37.161924
"24273",-82.6375402,36.951317
"24501",-79.1209829,37.3594913
"24517",-79.233837,37.1583348
"24523",-79.5153773,37.3002291
"24528",-78.9061921,37.0961025
"24540",-79.4028639,36.6313237
"24541",-79.5378634,36.6006281
"24557",-79.3127543,36.9639589
"25302",-81.5980246,38.3883739
"25304",-81.614468,38.279687
"25550",-82.0625052,38.8637954
"26270",-79.5491044,38.861912
"26807",-79.4028639,38.6518998
"26814",-79.4816378,38.7937445
"27103",-80.3324514,36.0564654
"27104",-80.3268812,36.0937141
"27105",-80.2432839,36.1568627
"2721",-98.6474315,30.2856079
"27215",-79.4379412,36.0955555
"27265",-80.0199562,36.0091763
"27284",-80.0758425,36.1322707
"27288",-79.7624177,36.4919544
"27330",-79.1548533,35.555945
"27405",-79.7512033,36.1155274
"27408",-79.8128649,36.1046869
"27409",-79.9528451,36.0896801
"27502",-78.9175088,35.7178049
"27511",-78.7816219,35.7698044
"27514",-79.0475559,35.9722081
"27518",-78.7759559,35.7315398
"27519",-78.8948741,35.8019588
"27520",-78.4524591,35.5981967
"27526",-78.8000278,35.5843376
"27529",-78.5887951,35.6544684
"27534",-77.9053182,35.3712582
"27536",-78.3955986,36.3338756
"27540",-78.8495889,35.6251337
"27560",-78.8269385,35.8387032
"27573",-78.9627624,36.4094786
"27587",-78.5887951,35.9989632
"27609",-78.6228504,35.8409242
"27612",-78.6965972,35.8533273
"27613",-78.7088295,35.9049831
"27615",-78.6455475,35.8861371
"27707",-78.9571069,35.9530958
"2780",-86.3610378,37.8758294
"27801",-77.7680952,35.9173166
"27804",-77.8481628,36.000632
"27834",-77.4242972,35.6450428
"27858",-77.3209555,35.5371999
"27870",-77.7223162,36.4260215
"27893",-77.9053182,35.6733387
"27909",-76.317414,36.2927068
"28027",-80.6548882,35.4002721
"28054",-81.1526976,35.2528422
"28075",-80.6437906,35.3015269
"28110",-80.5216184,35.0849752
"28117",-80.8765205,35.5910505
"28147",-80.5660657,35.69709
"28150",-81.5815776,35.3380357
"28160",-81.9261999,35.3561546
"28208",-80.9097127,35.212973
"28262",-80.7325287,35.3301529
"28304",-78.9627624,35.0285822
"28306",-78.8948741,34.9788116
"28314",-79.0532061,35.0585989
"28315",-79.4366324,35.1146143
"28352",-79.4478858,34.7776407
"28358",-78.8835548,34.661535
"28372",-79.1774268,34.7100395
"28376",-79.2451149,35.0432488
"28379",-79.8072611,34.9394992
"28403",-77.8710285,34.2253022
"28451",-78.0880129,34.2577465
"28501",-77.4931403,35.285623
"28557",-76.745195,34.7394328
"28602",-81.3619402,35.6703562
"28607",-81.6254283,36.2081106
"28625",-80.8765205,35.8509953
"28640",-81.4169093,36.3977815
"28645",-81.5596427,36.0092311
"28681",-81.2078164,35.8974199
"28697",-81.229853,36.1365807
"28704",-82.5726805,35.4576471
"28712",-82.7778579,35.2190534
"28713",-83.4643551,35.4328955
"28715",-82.713132,35.4989049
"28723",-83.1863358,35.2646157
"28779",-83.2291862,35.3544375
"28791",-82.5077593,35.3664107
"28792",-82.366887,35.3902982
"28793",-82.4384611,35.3528692
"28803",-82.5437614,35.5671423
"28805",-82.4861053,35.6046911
"29118",-80.8765205,33.5711678
"29127",-81.4937993,34.1470012
"29142",-80.5105028,33.4658256
"29401",-79.9248669,32.7791432
"29440",-79.3352899,33.3809044
"29505",-79.6838874,34.1289479
"29576",-79.0532061,33.566559
"30024",-84.0907246,34.067013
"30062",-84.4697663,33.9957883
"30068",-84.4435223,33.9668266
"30110",-85.1271907,33.7229357
"30117",-85.1479364,33.5674989
"30120",-84.8776392,34.1577811
"30125",-85.3136218,34.0196497
"30139",-84.7002041,34.4272061
"30161",-85.1271907,34.2566577
"30180",-84.9193082,33.7145773
"30224",-84.238417,33.2042944
"30248",-84.0801613,33.3647316
"30269",-84.5746243,33.3984792
"30286",-84.3121264,32.9047684
"30312",-84.377861,33.7440941
"30344",-84.448772,33.6832181
"30350",-84.3436881,33.9900649
"30434",-82.366887,33.0477278
"30477",-82.366887,32.9133543
"30512",-83.9744262,34.8457601
"30513",-84.375233,34.8869359
"30546",-83.7199136,34.9208214
"30701",-84.9609464,34.5156085
"30705",-84.7315563,34.7046413
"30720",-84.9921549,34.7486859
"30721",-84.9193082,34.7787365
"31014",-83.3789389,32.4087854
"31021",-82.9286428,32.4969921
"31023",-83.2077645,32.2191202
"31029",-83.9744262,33.0685419
"31501",-82.3560389,31.2298446
"31510",-82.4319405,31.5412085
"31516",-82.2365981,31.3250399
"31553",-81.9971108,31.1510963
"31602",-83.3468784,30.87419
"31605",-83.2291862,30.9252192
"31701",-84.1751648,31.5301723
"31705",-84.0378894,31.5124781
"31707",-84.1962563,31.5766377
"31830",-84.7524482,32.9015134
"31904",-84.9921549,32.5621719
"32025",-82.5834947,30.111156
"32055",-82.605118,30.2730727
"32073",-81.7458845,30.1643797
"32080",-81.2849169,29.8362822
"32127",-80.9745372,29.1145775
"32168",-81.0533854,29.0034265
"32174",-81.1857736,29.2890392
"32177",-81.734942,29.7618374
"32224",-81.460856,30.2606613
"32245",-81.5841497,30.2537634
"32250",-81.4114142,30.2745944
"32256",-81.5537192,30.2205397
"32258",-81.5706109,30.1532158
"32301",-84.2542195,30.4305062
"32303",-84.3647199,30.5099431
"32308",-84.2173403,30.4805441
"32312",-84.2278796,30.6301452
"32606",-82.4644445,29.6788293
"32607",-82.4156829,29.647247
"32615",-82.4969331,29.8303455
"32653",-82.3777335,29.7429556
"32789",-81.3509416,28.5950986
"32819",-81.460856,28.4630493
"32835",-81.4828198,28.5107872
"32837",-81.4169093,28.3675319
"33183",-80.4048306,25.6950625
"33186",-80.3992652,25.6653934
"33187",-80.4660256,25.5994424
"33325",-80.3324514,26.1059556
"33441",-80.0926014,26.3058811
"33486",-80.1149414,26.3424842
"33511",-82.2909146,27.9082595
"33544",-82.3777335,28.2621197
"33563",-82.116955,28.0147874
"33578",-82.3397635,27.8585758
"33613",-82.4698603,28.0869646
"33647",-82.3343375,28.1434318
"33705",-82.6321376,27.7346248
"33756",-82.7940297,27.9413341
"33777",-82.7616822,27.8580624
"34652",-82.7455027,28.2356313
"34695",-82.6861446,28.0055309
"34698",-82.7832489,28.0339553
"34741",-81.422404,28.3040861
"34759",-81.4498717,28.1026718
"34769",-81.2849169,28.2431581
"34787",-81.6254283,28.4385186
"34957",-80.2261858,27.2408095
"36016",-85.3962769,31.8642373
"36027",-85.1686743,31.9693453
"36375",-85.56121,31.049108
"36801",-85.3756249,32.7008882
"36830",-85.4994192,32.4796915
"36849",-85.4929785,32.5909562
"37110",-85.7256372,35.6214097
"37166",-85.80766,35.9728357
"37312",-84.8359395,35.2148165
"37379",-85.1686743,35.3161809
"37711",-83.0576156,36.2999541
"37777",-84.0907246,35.8246705
"37804",-83.9108968,35.7830899
"37814",-83.3254958,36.2396396
"37862",-83.6561215,35.769927
"37885",-84.0801613,35.4864793
"38501",-85.5406209,36.2452673
"38549",-85.1686743,36.5765064
"38583",-85.3962769,35.9577959
"3894",-102.5576049,33.8181741
"38965",-89.6628111,34.1082186
"39819",-84.6269824,30.8076819
"40004",-85.4581859,37.7851587
"40160",-85.9202327,37.8338245
"40330",-84.8984775,37.8258603
"40475",-84.3121264,37.799041
"40831",-83.3468784,36.8004665
"42101",-86.5400674,37.1184213
"42103",-86.317392,36.9616468
"42104",-86.4794359,36.88064
"42134",-86.5602614,36.7108803
"42141",-85.971322,36.9289778
"42261",-86.7013894,37.2086395
"42276",-86.8822445,36.848859
"42701",-85.8647201,37.7030051
"42757",-85.7051116,37.4116971
"42765",-85.9508923,37.2923087
"42776",-85.9508923,37.5481584
"43023",-82.5402275,40.089177
"43055",-82.3234843,40.1157418
"43062",-82.669947,40.015874
"43326",-83.634843,40.6622015
"43348",-83.8844068,40.4579303
"44132",-81.4992884,41.610156
"45040",-84.3226488,39.3585759
"45044",-84.3939224,39.5038205
"45240",-84.5327038,39.2858588
"45245",-84.2805478,39.0663831
"45406",-84.2436849,39.7822504
"45424",-84.1224036,39.853124
"45801",-84.0801613,40.786903
"45804",-84.0484601,40.7145838
"45807",-84.1751648,40.8018277
"45810",-83.7836403,40.7713127
"45885",-84.3962535,40.5396595
"45895",-84.1935831,40.5678568
"46303",-87.4703029,41.3634692
"46307",-87.3214908,41.3901576
"46312",-87.4504888,41.6428269
"46321",-87.5099057,41.5443613
"46322",-87.4703029,41.5434996
"46323",-87.4504888,41.5829905
"46342",-87.2419299,41.5083014
"46350",-86.7013894,41.5939193
"46368",-87.1722037,41.596455
"46373",-87.4703029,41.443555
"46375",-87.4504888,41.4831184
"46383",-86.9624086,41.4613036
"46514",-85.9815339,41.7204299
"47591",-87.5198011,38.605823
"47838",-87.3612205,38.9788069
"47882",-87.4207518,39.0843122
"48025",-83.266657,42.5246737
"48038",-82.9394002,42.5976588
"48073",-83.15954,42.5183235
"48093",-83.0092803,42.5190114
"48116",-83.7730237,42.5093496
"48152",-83.3682539,42.4279422
"48154",-83.3735966,42.3939863
"48193",-83.1793408,42.1742229
"48301",-83.3041061,42.5415192
"48302",-83.3041061,42.5805638
"48307",-83.1327332,42.6678914
"48322",-83.3468784,42.5440126
"48331",-83.4109834,42.508645
"48346",-83.4323375,42.7244204
"48420",-83.6986568,43.1754912
"49032",-85.5097226,41.9213069
"49085",-86.4693235,42.0537084
"49201",-84.375233,42.3151209
"49417",-86.1955169,43.0147008
"49423",-86.0733498,42.7381514
"49428",-85.8281458,42.9242371
"49544",-85.7564107,43.0283952
"49684",-85.6640365,44.8245398
"50036",-93.8655303,42.0528293
"50072",-94.1309067,41.4672939
"50126",-93.2181477,42.4666849
"50220",-94.1309067,41.825722
"50273",-94.028678,41.3308893
"50401",-93.2181477,43.1683261
"50424",-93.9470396,43.3772889
"50428",-93.3792057,43.1636942
"50436",-93.642048,43.2523362
"50450",-93.5205641,43.4104459
"50459",-93.238251,43.4572735
"50461",-92.797901,43.3146633
"50466",-92.5594214,43.3973939
"50468",-92.9575607,43.0396594
"50472",-92.9575607,43.4263527
"50475",-93.1980527,42.8777022
"50511",-94.2743628,43.0563377
"50517",-94.2128337,43.3099928
"50601",-93.0576199,42.5495017
"50616",-92.6586401,43.0275603
"50636",-92.8178291,42.8681925
"50659",-92.341887,43.0344596
"51449",-94.7484518,42.2760969
"51503",-95.7721204,41.2567691
"52233",-91.6906483,42.0509294
"52302",-91.5789994,42.0871391
"52401",-91.6590662,41.97464
"52402",-91.6663523,42.0166364
"52403",-91.5886966,41.9781094
"53211",-87.879523,43.0824328
"53221",-87.9481846,42.9574195
"53508",-89.5686271,42.8824665
"53562",-89.5308903,43.1156039
"53575",-89.3795835,42.9205564
"53581",-90.4125181,43.3673375
"53593",-89.5686271,42.999243
"53703",-89.3724769,43.0833196
"53704",-89.3511495,43.1438143
"53705",-89.4600369,43.0716332
"53714",-89.3084607,43.099931
"53715",-89.4008958,43.0592056
"53719",-89.5214505,43.0282084
"54011",-92.4801989,44.7300487
"54106",-88.4597673,44.4833103
"54701",-91.5015009,44.7470586
"54814",-90.92587,46.8603131
"54904",-88.6144839,44.0305833
"54911",-88.372493,44.2837065
"54913",-88.4210006,44.3316981
"54914",-88.4306955,44.26558
"54923",-88.9796776,43.9772722
"54929",-88.7686382,44.637647
"54945",-89.1515476,44.5658817
"54949",-88.9222277,44.4885931
"54956",-88.5178518,44.2003965
"54961",-88.7686382,44.4115636
"54981",-89.1134166,44.3391465
"54983",-88.9222277,44.337508
"54984",-89.2277026,44.1884051
"55013",-92.9063127,45.3470698
"55014",-93.1129236,45.1914282
"55024",-93.1378173,44.6200752
"55038",-92.9788268,45.1668854
"55044",-93.2784825,44.6349165
"55056",-92.9734383,45.5054766
"55063",-92.9703854,45.8232502
"55068",-93.0776568,44.7530325
"55069",-92.9521365,45.6951168
"55070",-93.3824875,45.4092789
"55092",-93.0886456,45.3422963
"55112",-93.2015176,45.0766457
"55116",-93.1679257,44.9095374
"55122",-93.2080991,44.8149747
"55124",-93.1980527,44.7497326
"55304",-93.2743378,45.2713588
"55311",-93.4892746,45.1056514
"55330",-93.5691122,45.3377283
"55337",-93.2684215,44.7758378
"55344",-93.4094629,44.865243
"55369",-93.4509124,45.1255339
"55371",-93.6203919,45.5812962
"55372",-93.3993751,44.6689341
"55374",-93.5912944,45.1867927
"55378",-93.3590446,44.7451216
"55398",-93.5831828,45.4502887
"55406",-93.2231727,44.9406559
"55407",-93.2533339,44.9398026
"55411",-93.2983975,44.9944872
"55414",-93.2157342,44.978175
"55416",-93.3439291,44.9465193
"55420",-93.2734517,44.8365032
"55421",-93.2599459,45.0563001
"55431",-93.3086778,44.8308157
"55432",-93.2641955,45.0935798
"55435",-93.3338547,44.8721412
"55443",-93.3337208,45.1243266
"55449",-93.1917398,45.1705157
"55454",-93.2409552,44.9669685
"55455",-93.2342,44.9741561
"55746",-92.9310686,47.3332794
"55768",-92.6243915,47.517241
"55769",-93.1690879,47.5231668
"56270",-94.9974461,44.5727369
"56353",-93.649182,45.8078372
"57028",-96.6210611,44.0941621
"57231",-97.5680595,44.4124458
"57339",-99.4783816,44.0999819
"57345",-99.4117197,44.5744425
"57350",-98.1775638,44.4453916
"57368",-98.4403573,43.7462465
"57382",-98.704075,44.0297714
"57385",-98.265058,44.0624988
"57401",-98.4928586,45.4742195
"57551",-101.7979613,43.103523
"57555",-100.6647101,43.3305588
"57559",-100.7548851,43.8540536
"57568",-100.1255164,43.9119937
"57578",-92.8294539,37.4946995
"57579",-100.7097867,43.5169738
"57620",-102.5124916,45.482572
"57625",-101.0868645,44.9855134
"57626",-102.0716623,45.035801
"57633",-101.4465576,45.40472
"58102",-96.840133,46.9223429
"58501",-100.659753,46.8243438
"59828",-114.0159157,46.3584632
"59840",-114.1157562,46.1535942
"60002",-88.0314174,42.4752471
"60005",-87.9873724,42.0655403
"60007",-88.0020589,42.0113617
"60010",-88.148657,42.1621397
"60048",-87.9432837,42.2868698
"60051",-88.2363819,42.3508086
"60056",-87.9383822,42.0646736
"60060",-88.0314174,42.2785596
"60062",-87.8451527,42.1272261
"60071",-88.314212,42.4699234
"60073",-88.0899304,42.3612999
"60085",-87.8647961,42.3641878
"60099",-87.8451527,42.4424515
"60101",-88.0020589,41.9320859
"60106",-87.9432837,41.9508814
"60118",-88.314212,42.0955139
"60120",-88.2558525,42.0352856
"60133",-88.1437782,41.9790639
"60173",-88.0460894,42.0467637
"60182",-88.1994665,41.5447443
"60185",-88.2169027,41.8959291
"60193",-88.099845,42.0130165
"60477",-87.7861711,41.5699614
"60521",-87.9285777,41.7967461
"60610",-87.6333871,41.9003099
"60611",-87.6161696,41.8925085
"60615",-87.603826,41.8003921
"60622",-87.6827676,41.9013087
"60623",-87.7271123,41.8475982
"60625",-87.7024817,41.9711068
"60631",-87.8107561,41.993029
"60640",-87.663045,41.9703133
"60641",-87.7468071,41.9472058
"60642",-87.6531805,41.9007097
"60657",-87.6531805,41.9403795
"60936",-88.3433623,40.4805326
"60957",-88.148657,40.4368639
"61068",-89.0561532,41.9554587
"61270",-89.9626799,41.8004348
"61741",-88.4210006,40.7658992
"61853",-88.4210006,40.2368389
"62233",-89.8317729,37.9571505
"62901",-89.2148386,37.7277751
"63132",-90.3795438,38.6785807
"64064",-94.3667907,38.9791799
"64068",-94.3770704,39.2593487
"64153",-94.6754274,39.2810821
"6473",-94.8808715,30.1090264
"6484",-122.7613837,45.5868355
"64854",-94.4593791,36.5478436
"64870",-94.5108862,37.1794866
"6516",-157.8433034,21.291227
"65201",-92.332541,38.951674
"65203",-92.3714428,38.9538484
"65712",-93.8044831,37.1293121
"65714",-93.318747,37.0581529
"65742",-93.0776568,37.1503472
"65803",-93.2986106,37.294172
"66049",-95.3730176,38.9684867
"66203",-94.70189,39.0234301
"66224",-94.6347041,38.8646537
"66441",-96.8779926,38.9934413
"66502",-96.5356449,39.0961493
"66611",-95.6931356,39.0105228
"67460",-97.654811,38.3611897
"67502",-97.9374948,38.1116209
"67505",-97.9429421,38.032412
"68046",-96.0573302,41.1319017
"68117",-95.9991228,41.2101217
"68124",-96.0520363,41.2373947
"68130",-96.2004383,41.2395091
"68131",-95.9647536,41.2644695
"68310",-96.7922355,40.232159
"70462",-90.5825359,30.3653182
"70508",-92.037116,30.154741
"70517",-91.7344155,30.3090469
"7059",-121.916011,37.69939
"70601",-93.2131232,30.2293526
"70605",-93.2784825,30.1412524
"70611",-93.2181477,30.3502213
"70663",-93.3993751,30.2765349
"70722",-90.9438468,30.8464719
"70726",-90.8865834,30.4097215
"70748",-91.2025207,30.8328549
"70754",-90.7342734,30.410662
"70777",-91.0490374,30.7422701
"70808",-91.1448981,30.4192451
"71105",-93.7079745,32.4545928
"71303",-92.5197932,31.3066755
"71671",-92.1057549,33.6444761
"71822",-94.1104449,33.6836358
"71854",-93.8858955,33.444928
"72023",-92.0469151,34.9555346
"72034",-92.4703057,35.0468028
"72210",-92.5098914,34.7151821
"72211",-92.4159308,34.7446913
"72653",-92.341887,36.283619
"72701",-94.0899911,35.9980929
"72703",-94.0388918,36.1192532
"72704",-94.3359635,36.1197444
"72712",-94.2128337,36.3840171
"72734",-94.5418141,36.2854705
"72736",-94.5005808,36.4167732
"72745",-94.100217,36.2472546
"72753",-94.3359635,35.9460068
"72761",-94.4593791,36.1585967
"72764",-94.0491077,36.1731365
"72801",-93.1428341,35.2785177
"72830",-93.5205641,35.492719
"72900",-123.513229,46.995978
"72903",-94.3667907,35.3447622
"72904",-94.387352,35.4097046
"72936",-94.2128337,35.2077035
"72956",-94.3359635,35.4662541
"73003",-97.4976536,35.6655009
"73013",-97.5138947,35.6264403
"73065",-97.5897372,35.2620934
"73071",-97.4056928,35.2407401
"73099",-97.7416703,35.5358639
"73111",-97.4760047,35.5145487
"73112",-97.5788975,35.5135639
"73115",-97.4435441,35.4402994
"73130",-97.3462545,35.4571641
"73160",-97.4705935,35.3459327
"73162",-97.6385368,35.5805299
"73170",-97.5572231,35.3187169
"73505",-98.5062007,34.631685
"73644",-99.4117197,35.4168123
"73703",-97.9374948,36.4533112
"74006",-95.8775964,36.7017377
"74008",-95.8775964,35.9239917
"74019",-95.6668306,36.2375431
"74055",-95.8353837,36.2726958
"74066",-96.1314928,35.9980959
"74074",-97.1144039,36.0737703
"74104",-95.956825,36.142324
"74105",-95.9726832,36.1036376
"74129",-95.85121,36.1258713
"74133",-95.8881542,36.0428053
"74135",-95.9251211,36.1005816
"74137",-95.9304039,36.0190424
"74344",-94.7484518,36.5798297
"74361",-95.3311652,36.2962095
"74429",-95.6352801,35.9464556
"74432",-95.6037465,35.3048061
"74804",-96.9423844,35.38837
"75023",-96.733343,33.0603809
"75024",-96.8083063,33.0787152
"75029",-97.0237605,33.0440443
"75032",-96.418385,32.858216
"75034",-96.8565427,33.1376528
"75043",-96.5890166,32.8493511
"75069",-96.5890166,33.1632842
"75071",-96.6317461,33.2505263
"75081",-96.6958939,32.9559018
"75082",-96.6584666,32.9971512
"75088",-96.5463156,32.8965009
"75093",-96.8243812,33.0386278
"75104",-96.9853474,32.5918484
"75119",-96.6210611,32.3185311
"75125",-96.642433,32.5203683
"75150",-96.6317461,32.824634
"75214",-96.7440467,32.824251
"75219",-96.8109852,32.8122051
"75230",-96.7868794,32.9005121
"75234",-96.8672668,32.9241691
"75237",-96.8726295,32.6711817
"75254",-96.8002704,32.9418531
"75482",-95.6037465,33.1778784
"75501",-94.1309067,33.3922515
"75503",-94.1309067,33.526533
"75551",-94.2128337,33.1203928
"75570",-94.43879,33.4935489
"75604",-94.8002333,32.502529
"75670",-94.4182089,32.5729402
"75965",-94.6553679,31.7145848
"76002",-97.0874964,32.6254959
"76010",-97.0767365,32.7272701
"76013",-97.1520926,32.7229925
"76014",-97.0874964,32.6929511
"76015",-97.1305536,32.6905101
"76017",-97.1467072,32.6614911
"76020",-97.5463885,32.9186258
"76022",-97.1440146,32.8329317
"76033",-97.5030669,32.2917352
"76034",-97.1467072,32.8860707
"76040",-97.1036396,32.821201
"76043",-97.8286368,32.1591765
"76049",-97.7199454,32.4588558
"76051",-97.0713572,32.9464268
"76052",-97.3840729,32.9843533
"76058",-97.4273195,32.4652204
"76063",-97.1416926,32.563183
"76065",-96.9638624,32.4804629
"76066",-98.0247005,32.7094247
"76102",-97.3246534,32.7579468
"76104",-97.3138554,32.7248887
"76106",-97.3462545,32.8128038
"76107",-97.3840729,32.737615
"76108",-97.5138947,32.7747949
"76110",-97.3354531,32.7011609
"76112",-97.2113605,32.7476771
"76114",-97.4002872,32.7759515
"76116",-97.4435441,32.717251
"76117",-97.276076,32.8112934
"76119",-97.276076,32.6765319
"76134",-97.3408535,32.6502803
"76137",-97.2976617,32.8549165
"76140",-97.276076,32.631572
"76179",-97.3641377,32.8601513
"76180",-97.2329255,32.8362389
"76234",-97.4814163,33.2581763
"76248",-97.2329255,32.9259646
"76426",-97.8503951,33.1683909
"76448",-98.770147,32.3899783
"76705",-97.0713572,31.5923712
"76712",-97.286868,31.5348439
"76903",-100.4508956,31.4846812
"77070",-95.5587992,29.9601879
"77304",-95.509247,30.3315253
"77339",-95.2162283,30.0442264
"77340",-95.5407299,30.6631264
"77351",-94.7691586,30.670725
"77356",-95.6878736,30.4502629
"77377",-95.6773512,30.0712446
"77381",-95.509247,30.1704912
"77386",-95.3730176,30.1185635
"77437",-96.2800864,29.2243175
"77461",-95.8353837,29.4064736
"77471",-95.8775964,29.543368
"77488",-96.1314928,29.3006517
"77546",-95.1953554,29.5370503
"77584",-95.3207069,29.5321026
"77845",-96.3013432,30.5368372
"78064",-98.4403573,28.9207064
"78130",-98.068343,29.7049806
"78148",-98.3033694,29.5465678
"78154",-98.2760021,29.5885761
"78207",-98.5226706,29.4174949
"78209",-98.4513272,29.4854054
"78214",-98.4677851,29.3172731
"78216",-98.4952228,29.5516834
"78217",-98.4239055,29.538966
"78219",-98.3910127,29.4489141
"78223",-98.4074573,29.3037971
"78230",-98.555621,29.542044
"78245",-98.7371039,29.3978144
"78249",-98.6050736,29.5676137
"78251",-98.6765618,29.4651184
"78253",-98.8142264,29.4733158
"78256",-98.6215649,29.6183126
"78258",-98.4732718,29.6451457
"78310",-92.2862807,37.7661307
"78415",-97.5030669,27.6515548
"78501",-98.2322355,26.2188442
"78503",-98.2541155,26.1706746
"78504",-98.2322355,26.2892001
"78539",-98.1884949,26.268255
"78542",-98.1120116,26.3546817
"78572",-98.3745717,26.1988865
"78573",-98.2978951,26.308858
"78577",-98.1884949,26.1509653
"78596",-97.991986,26.1385465
"78602",-97.3084571,30.0942405
"78613",-97.8177601,30.5119418
"78626",-97.633113,30.6487339
"78628",-97.7634019,30.6410107
"78633",-97.7525352,30.7216604
"78640",-97.8068851,29.9966514
"78653",-97.5463885,30.3332225
"78654",-98.1994276,30.5684965
"78664",-97.6602365,30.5041381
"78665",-97.6222665,30.5464236
"78681",-97.7090854,30.5184228
"78720",-97.7562844,30.4233211
"78723",-97.681943,30.3081307
"78734",-97.9483898,30.3666665
"78741",-97.7145152,30.2259488
"78745",-97.7960118,30.2153869
"78746",-97.8299383,30.2962208
"78748",-97.8177601,30.168207
"78749",-97.8558357,30.2175453
"78754",-97.6493858,30.3558863
"78758",-97.7036561,30.3870686
"79015",-101.9348069,34.9320346
"79041",-101.9348069,34.0581257
"79072",-101.7523854,34.1636756
"79106",-101.8948754,35.2018872
"79109",-101.900579,35.1633874
"79119",-102.0032957,35.120627
"79124",-101.9576317,35.2552151
"79235",-101.207047,33.9513162
"79415",-101.9119871,33.6863649
"79423",-101.866362,33.4258874
"79601",-99.6786894,32.5700066
"79606",-99.8348146,32.3560371
"79772",-103.6362715,31.3511246
"80002",-105.0849687,39.7907566
"80013",-104.7637619,39.6563415
"80015",-104.7812654,39.6288155
"80020",-105.0674317,39.9389199
"80134",-104.7754307,39.4626087
"80228",-105.1609838,39.6849237
"80229",-104.9564084,39.8580556
"80401",-105.2311827,39.7158773
"80501",-105.1142011,40.1733277
"80634",-104.7871004,40.3962637
"80906",-104.8804893,38.7665005
"82001",-104.8201078,41.1400096
"84020",-111.8687825,40.4960215
"84088",-111.9641728,40.5934061
"84102",-111.8658015,40.76049
"84105",-111.8628205,40.7345053
"84111",-111.8836874,40.7569389
"84121",-111.8171374,40.6210656
"84124",-111.7912764,40.6712875
"84404",-112.1907122,41.3270903
"84790",-113.5490415,37.0441957
"85008",-112.0118669,33.4660406
"85015",-112.1012912,33.5079722
"85016",-112.029752,33.5106684
"85017",-112.1251372,33.514162
"85018",NA,NA
"85021",NA,NA
"85022",NA,NA
"85031",NA,NA
"85032",NA,NA
"85033",NA,NA
"85035",NA,NA
"85042-6510",NA,NA
"85050",NA,NA
"85120",NA,NA
"85122",NA,NA
"85132",NA,NA
"85201",NA,NA
"85204",NA,NA
"85206",NA,NA
"85209",NA,NA
"85213",NA,NA
"85215",NA,NA
"85224",NA,NA
"85226",NA,NA
"85248",NA,NA
"85254",NA,NA
"85257",NA,NA
"85260",NA,NA
"85281",NA,NA
"85282",NA,NA
"85284",NA,NA
"85295",NA,NA
"85302",NA,NA
"85305",NA,NA
"85306",NA,NA
"85308",NA,NA
"85310",NA,NA
"85351",NA,NA
"85353",NA,NA
"85374",NA,NA
"85378",NA,NA
"85382",NA,NA
"85392",NA,NA
"85395",NA,NA
"85705",NA,NA
"85706",NA,NA
"85711",NA,NA
"85712",NA,NA
"85716",NA,NA
"85719",NA,NA
"85743",NA,NA
"85746",NA,NA
"85748",NA,NA
"85749",NA,NA
"86001",NA,NA
"86301",NA,NA
"86314",NA,NA
"86323",NA,NA
"86326",NA,NA
"86336",NA,NA
"86403",NA,NA
"8701",NA,NA
"87102",NA,NA
"87105",NA,NA
"87110",NA,NA
"87120",NA,NA
"87122",NA,NA
"8753",NA,NA
"87532",NA,NA
"87801",NA,NA
"8807",NA,NA
"88101",NA,NA
"90514",NA,NA
"90803",NA,NA
"91901",NA,NA
"91906",NA,NA
"92027",NA,NA
"92101",NA,NA
"92173",NA,NA
"92220",NA,NA
"92227",NA,NA
"92231",NA,NA
"92243",NA,NA
"92583",NA,NA
"92592",NA,NA
"92660",NA,NA
"92780",NA,NA
"94095",NA,NA
"95618",NA,NA
"96701",NA,NA
"96720",NA,NA
"96734",NA,NA
"96744",NA,NA
"96763",NA,NA
"96789",NA,NA
"96813",NA,NA
"96815",NA,NA
"96825",NA,NA
"97006",NA,NA
"97013",NA,NA
"97030",NA,NA
"97035",NA,NA
"97051",NA,NA
"97062",NA,NA
"97068",NA,NA
"97210",NA,NA
"97227",NA,NA
"98055",NA,NA
"98122-3854",NA,NA
"98683",NA,NA
"99208",NA,NA
"99352",NA,NA
"99659",NA,NA
"99684",NA,NA
"99742",NA,NA
"99762",NA,NA
"99769",NA,NA
"99771",NA,NA
"99772",NA,NA
"99778",NA,NA
"99783",NA,NA
"99784",NA,NA
"99785",NA,NA
"7731",NA,NA
"8050",NA,NA
"8724",NA,NA
"8833",NA,NA
"11201",NA,NA
"11758",NA,NA
"14760",NA,NA
"18241",NA,NA
"18615",NA,NA
"20707",NA,NA
"23661",NA,NA
"24502",NA,NA
"28311",NA,NA
"28655",NA,NA
"28734",NA,NA
"30121",NA,NA
"30165",NA,NA
"32086",NA,NA
"32162",NA,NA
"32163",NA,NA
"32204",NA,NA
"32225",NA,NA
"32277",NA,NA
"32413",NA,NA
"32608",NA,NA
"32701",NA,NA
"32803",NA,NA
"32828",NA,NA
"32967",NA,NA
"33045",NA,NA
"33178",NA,NA
"33324",NA,NA
"33418",NA,NA
"33432",NA,NA
"33458",NA,NA
"33469",NA,NA
"33774",NA,NA
"33908",NA,NA
"33914",NA,NA
"33950",NA,NA
"34119",NA,NA
"34450",NA,NA
"34471",NA,NA
"34609",NA,NA
"34638",NA,NA
"34667",NA,NA
"34684",NA,NA
"34952",NA,NA
"38237",NA,NA
"38305",NA,NA
"38866",NA,NA
"42726",NA,NA
"45875",NA,NA
"46311",NA,NA
"49002",NA,NA
"49629",NA,NA
"54767",NA,NA
"57249",NA,NA
"57641",NA,NA
"60030",NA,NA
"60514",NA,NA
"65806",NA,NA
"68122",NA,NA
"71901",NA,NA
"72901",NA,NA
"72908",NA,NA
"73018",NA,NA
"73103",NA,NA
"73110",NA,NA
"73120",NA,NA
"74103",NA,NA
"74116",NA,NA
"75063",NA,NA
"76018",NA,NA
"76164",NA,NA
"77396",NA,NA
"78218",NA,NA
"78231",NA,NA
"78233",NA,NA
"78257",NA,NA
"78387",NA,NA
"78599",NA,NA
"78730",NA,NA
"79121",NA,NA
"80007",NA,NA
"80123",NA,NA
"80439",NA,NA
"80443",NA,NA
"80863",NA,NA
"80907",NA,NA
"81004",NA,NA
"81212",NA,NA
"84095",NA,NA
"84604",NA,NA
"85029",NA,NA
"89052",NA,NA
"92102",NA,NA
"92274",NA,NA
"93635",NA,NA
"95334",NA,NA
"95340",NA,NA
"97071",NA,NA
"97229",NA,NA
"97236",NA,NA
"99204",NA,NA
"8873",NA,NA
"22901",NA,NA
"26062",NA,NA
"72758",NA,NA
"76006",NA,NA
"80027",NA,NA
"80126",NA,NA
"80138",NA,NA
"80210",NA,NA
"80923",NA,NA
"84003",NA,NA
"85741",NA,NA
"87505",NA,NA
"92868",NA,NA
"26601",NA,NA
"45325",NA,NA
"80023",NA,NA
"80112",NA,NA
"80498",NA,NA
"97232",NA,NA
"99508",NA,NA
"36352",NA,NA
"47401",NA,NA
"47403",NA,NA
"47905",NA,NA
"60942",NA,NA
"65613",NA,NA
"68127",NA,NA
"81008",NA,NA
"85739",NA,NA
"85755",NA,NA
"8844",NA,NA
"32259",NA,NA
"32796",NA,NA
"32812",NA,NA
"32927",NA,NA
"33542",NA,NA
"34236",NA,NA
"34637",NA,NA
"34655",NA,NA
"61842",NA,NA
"75068",NA,NA
"75087",NA,NA
"79329",NA,NA
"79363",NA,NA
"79416",NA,NA
"80234",NA,NA
"7930",NA,NA
"33140",NA,NA
"33150",NA,NA
"33180",NA,NA
"33445",NA,NA
"33603",NA,NA
"33912",NA,NA
"33928",NA,NA
"33952",NA,NA
"33990",NA,NA
"34110",NA,NA
"34232",NA,NA
"34239",NA,NA
"34243",NA,NA
"34689",NA,NA
"42256",NA,NA
"44512",NA,NA
"47404",NA,NA
"54416",NA,NA
"67846",NA,NA
"76012",NA,NA
"80239",NA,NA
"80435",NA,NA
"80917",NA,NA
"85614",NA,NA
"95301",NA,NA
"99753",NA,NA
"2446",NA,NA
"26234",NA,NA
"28646",NA,NA
"32034",NA,NA
"32218",NA,NA
"32746",NA,NA
"32763",NA,NA
"33030",NA,NA
"33065",NA,NA
"33126",NA,NA
"33139",NA,NA
"33156",NA,NA
"33175",NA,NA
"33176",NA,NA
"33181",NA,NA
"33467",NA,NA
"33496",NA,NA
"33559",NA,NA
"33881",NA,NA
"33948",NA,NA
"34102",NA,NA
"34103",NA,NA
"34108",NA,NA
"34135",NA,NA
"34142",NA,NA
"34212",NA,NA
"34219",NA,NA
"34224",NA,NA
"34287",NA,NA
"46202",NA,NA
"65753",NA,NA
"74012",NA,NA
"74501",NA,NA
"78336",NA,NA
"79356",NA,NA
"79414",NA,NA
"80122",NA,NA
"80241",NA,NA
"80424",NA,NA
"80516",NA,NA
"81007",NA,NA
"81301",NA,NA
"98006",NA,NA
"26201",NA,NA
"26451",NA,NA
"28786",NA,NA
"32751",NA,NA
"32765",NA,NA
"32771",NA,NA
"32780",NA,NA
"32907",NA,NA
"32931",NA,NA
"32937",NA,NA
"32940",NA,NA
"32955",NA,NA
"33574",NA,NA
"33606",NA,NA
"33607",NA,NA
"33611",NA,NA
"33624",NA,NA
"33626",NA,NA
"33712",NA,NA
"33781",NA,NA
"33897",NA,NA
"37167",NA,NA
"46123",NA,NA
"47303",NA,NA
"47348",NA,NA
"47421",NA,NA
"47454",NA,NA
"75070",NA,NA
"78705",NA,NA
"79364",NA,NA
"79424",NA,NA
"80031",NA,NA
"80226",NA,NA
"80759",NA,NA
"81122",NA,NA
"25113",NA,NA
"32092",NA,NA
"46037",NA,NA
"46151",NA,NA
"47960",NA,NA
"60021",NA,NA
"80132",NA,NA
"80909",NA,NA
"7666",NA,NA
"13206",NA,NA
"14779",NA,NA
"29631",NA,NA
"29670",NA,NA
"29678",NA,NA
"29697",NA,NA
"32901",NA,NA
"33880",NA,NA
"34202",NA,NA
"75041",NA,NA
"75182",NA,NA
"79035",NA,NA
"92604",NA,NA
"12308",NA,NA
"15237",NA,NA
"24426",NA,NA
"24836",NA,NA
"25043",NA,NA
"27577",NA,NA
"29625",NA,NA
"31794",NA,NA
"33965",NA,NA
"57221",NA,NA
"60031",NA,NA
"80305",NA,NA
"85390",NA,NA
"89144",NA,NA
"7040",NA,NA
"10940",NA,NA
"26301",NA,NA
"57349",NA,NA
"58730",NA,NA
"60471",NA,NA
"72650",NA,NA
"78368",NA,NA
"80021",NA,NA
"98027",NA,NA
"98108",NA,NA
"98502",NA,NA
"98503",NA,NA
"98520",NA,NA
"98541",NA,NA
"98569",NA,NA
"98604",NA,NA
"98661",NA,NA
"98664",NA,NA
"26452",NA,NA
"32792",NA,NA
"32960",NA,NA
"49735",NA,NA
"98106",NA,NA
"98272",NA,NA
"98597",NA,NA
"12414",NA,NA
"12516",NA,NA
"25125",NA,NA
"32164",NA,NA
"32401",NA,NA
"37203",NA,NA
"46173",NA,NA
"98208",NA,NA
"12184",NA,NA
"12534",NA,NA
"26101",NA,NA
"34285",NA,NA
"34711",NA,NA
"55103",NA,NA
"72756",NA,NA
"85283",NA,NA
"92539",NA,NA
"98237",NA,NA
"13030",NA,NA
"13090",NA,NA
"26624",NA,NA
"29621",NA,NA
"49512",NA,NA
"80813",NA,NA
"98053",NA,NA
"93720",NA,NA
